{
    "name": "root",
    "gauges": {
        "TruckAgent.Policy.Entropy.mean": {
            "value": 0.32705605030059814,
            "min": 0.3220852017402649,
            "max": 0.6724889874458313,
            "count": 50
        },
        "TruckAgent.Policy.Entropy.sum": {
            "value": 3274.158203125,
            "min": 3131.4013671875,
            "max": 6772.32470703125,
            "count": 50
        },
        "TruckAgent.Environment.EpisodeLength.mean": {
            "value": 157.9047619047619,
            "min": 97.25742574257426,
            "max": 173.4561403508772,
            "count": 50
        },
        "TruckAgent.Environment.EpisodeLength.sum": {
            "value": 9948.0,
            "min": 9608.0,
            "max": 10155.0,
            "count": 50
        },
        "TruckAgent.Step.mean": {
            "value": 499890.0,
            "min": 9976.0,
            "max": 499890.0,
            "count": 50
        },
        "TruckAgent.Step.sum": {
            "value": 499890.0,
            "min": 9976.0,
            "max": 499890.0,
            "count": 50
        },
        "TruckAgent.Policy.ExtrinsicValueEstimate.mean": {
            "value": -0.9890080094337463,
            "min": -3.295623302459717,
            "max": 5.9742751121521,
            "count": 50
        },
        "TruckAgent.Policy.ExtrinsicValueEstimate.sum": {
            "value": -62.30750274658203,
            "min": -255.4335479736328,
            "max": 489.89056396484375,
            "count": 50
        },
        "TruckAgent.Environment.CumulativeReward.mean": {
            "value": -0.12428083684709337,
            "min": -8.33904290968372,
            "max": 0.6959609574958926,
            "count": 50
        },
        "TruckAgent.Environment.CumulativeReward.sum": {
            "value": -7.829692721366882,
            "min": -775.5309906005859,
            "max": 42.45361840724945,
            "count": 50
        },
        "TruckAgent.Policy.ExtrinsicReward.mean": {
            "value": -0.12428083684709337,
            "min": -8.33904290968372,
            "max": 0.6959609574958926,
            "count": 50
        },
        "TruckAgent.Policy.ExtrinsicReward.sum": {
            "value": -7.829692721366882,
            "min": -775.5309906005859,
            "max": 42.45361840724945,
            "count": 50
        },
        "TruckAgent.IsTraining.mean": {
            "value": 1.0,
            "min": 1.0,
            "max": 1.0,
            "count": 50
        },
        "TruckAgent.IsTraining.sum": {
            "value": 1.0,
            "min": 1.0,
            "max": 1.0,
            "count": 50
        },
        "TruckAgent.Losses.PolicyLoss.mean": {
            "value": 0.0339468736667186,
            "min": 0.024777942484555147,
            "max": 0.04263343587905789,
            "count": 48
        },
        "TruckAgent.Losses.PolicyLoss.sum": {
            "value": 0.0339468736667186,
            "min": 0.024777942484555147,
            "max": 0.04263343587905789,
            "count": 48
        },
        "TruckAgent.Losses.ValueLoss.mean": {
            "value": 14.192129453023275,
            "min": 10.71494714419047,
            "max": 31.771688604354857,
            "count": 48
        },
        "TruckAgent.Losses.ValueLoss.sum": {
            "value": 14.192129453023275,
            "min": 10.71494714419047,
            "max": 31.771688604354857,
            "count": 48
        },
        "TruckAgent.Policy.LearningRate.mean": {
            "value": 2.9154990282000016e-06,
            "min": 2.9154990282000016e-06,
            "max": 0.0002938506020498,
            "count": 48
        },
        "TruckAgent.Policy.LearningRate.sum": {
            "value": 2.9154990282000016e-06,
            "min": 2.9154990282000016e-06,
            "max": 0.0002938506020498,
            "count": 48
        },
        "TruckAgent.Policy.Epsilon.mean": {
            "value": 0.10097179999999997,
            "min": 0.10097179999999997,
            "max": 0.19795019999999994,
            "count": 48
        },
        "TruckAgent.Policy.Epsilon.sum": {
            "value": 0.10097179999999997,
            "min": 0.10097179999999997,
            "max": 0.19795019999999994,
            "count": 48
        },
        "TruckAgent.Policy.Beta.mean": {
            "value": 1.4761820000000008e-05,
            "min": 1.4761820000000008e-05,
            "max": 0.00048995598,
            "count": 48
        },
        "TruckAgent.Policy.Beta.sum": {
            "value": 1.4761820000000008e-05,
            "min": 1.4761820000000008e-05,
            "max": 0.00048995598,
            "count": 48
        }
    },
    "metadata": {
        "timer_format_version": "0.1.0",
        "start_time_seconds": "1761511418",
        "python_version": "3.10.11 (tags/v3.10.11:7d4cc5a, Apr  5 2023, 00:38:17) [MSC v.1929 64 bit (AMD64)]",
        "command_line_arguments": "C:\\Users\\ellio\\RiskyRoad\\mlagents-venv\\lib\\site-packages\\mlagents\\trainers\\learn.py config/trainer_config.yaml --run-id=TruckRun7 --force",
        "mlagents_version": "1.1.0",
        "mlagents_envs_version": "1.1.0",
        "communication_protocol_version": "1.5.0",
        "pytorch_version": "2.8.0+cpu",
        "numpy_version": "1.23.5",
        "end_time_seconds": "1761512867"
    },
    "total": 1449.3357852000045,
    "count": 1,
    "self": 0.004336800018791109,
    "children": {
        "run_training.setup": {
            "total": 0.05174919997807592,
            "count": 1,
            "self": 0.05174919997807592
        },
        "TrainerController.start_learning": {
            "total": 1449.2796992000076,
            "count": 1,
            "self": 3.7452964204130694,
            "children": {
                "TrainerController._reset_env": {
                    "total": 7.507429299992509,
                    "count": 1,
                    "self": 7.507429299992509
                },
                "TrainerController.advance": {
                    "total": 1437.999056679604,
                    "count": 503005,
                    "self": 3.511703848373145,
                    "children": {
                        "env_step": {
                            "total": 1371.0026156183449,
                            "count": 503005,
                            "self": 1164.1923319306225,
                            "children": {
                                "SubprocessEnvManager._take_step": {
                                    "total": 204.001813294366,
                                    "count": 503005,
                                    "self": 10.188422810053453,
                                    "children": {
                                        "TorchPolicy.evaluate": {
                                            "total": 193.81339048431255,
                                            "count": 500045,
                                            "self": 193.81339048431255
                                        }
                                    }
                                },
                                "workers": {
                                    "total": 2.8084703933564015,
                                    "count": 503005,
                                    "self": 0.0,
                                    "children": {
                                        "worker_root": {
                                            "total": 1435.668139309797,
                                            "count": 503005,
                                            "is_parallel": true,
                                            "self": 478.50163782783784,
                                            "children": {
                                                "steps_from_proto": {
                                                    "total": 0.000258200045209378,
                                                    "count": 1,