{
    "name": "root",
    "gauges": {
        "TruckAgent.Policy.Entropy.mean": {
            "value": 0.6926523447036743,
            "min": 0.6926523447036743,
            "max": 0.6926523447036743,
            "count": 1
        },
        "TruckAgent.Policy.Entropy.sum": {
            "value": 7012.412109375,
            "min": 7012.412109375,
            "max": 7012.412109375,
            "count": 1
        },
        "TruckAgent.Environment.EpisodeLength.mean": {
            "value": 234.4418604651163,
            "min": 234.4418604651163,
            "max": 234.4418604651163,
            "count": 1
        },
        "TruckAgent.Environment.EpisodeLength.sum": {
            "value": 10081.0,
            "min": 10081.0,
            "max": 10081.0,
            "count": 1
        },
        "TruckAgent.Step.mean": {
            "value": 9907.0,
            "min": 9907.0,
            "max": 9907.0,
            "count": 1
        },
        "TruckAgent.Step.sum": {
            "value": 9907.0,
            "min": 9907.0,
            "max": 9907.0,
            "count": 1
        },
        "TruckAgent.Policy.ExtrinsicValueEstimate.mean": {
            "value": 0.4674816429615021,
            "min": 0.4674816429615021,
            "max": 0.4674816429615021,
            "count": 1
        },
        "TruckAgent.Policy.ExtrinsicValueEstimate.sum": {
            "value": 26.646453857421875,
            "min": 26.646453857421875,
            "max": 26.646453857421875,
            "count": 1
        },
        "TruckAgent.Environment.CumulativeReward.mean": {
            "value": -7.269297381242116,
            "min": -7.269297381242116,
            "max": -7.269297381242116,
            "count": 1
        },
        "TruckAgent.Environment.CumulativeReward.sum": {
            "value": -305.3104900121689,
            "min": -305.3104900121689,
            "max": -305.3104900121689,
            "count": 1
        },
        "TruckAgent.Policy.ExtrinsicReward.mean": {
            "value": -7.269297381242116,
            "min": -7.269297381242116,
            "max": -7.269297381242116,
            "count": 1
        },
        "TruckAgent.Policy.ExtrinsicReward.sum": {
            "value": -305.3104900121689,
            "min": -305.3104900121689,
            "max": -305.3104900121689,
            "count": 1
        },
        "TruckAgent.IsTraining.mean": {
            "value": 1.0,
            "min": 1.0,
            "max": 1.0,
            "count": 1
        },
        "TruckAgent.IsTraining.sum": {
            "value": 1.0,
            "min": 1.0,
            "max": 1.0,
            "count": 1
        }
    },
    "metadata": {
        "timer_format_version": "0.1.0",
        "start_time_seconds": "1761715970",
        "python_version": "3.10.11 (tags/v3.10.11:7d4cc5a, Apr  5 2023, 00:38:17) [MSC v.1929 64 bit (AMD64)]",
        "command_line_arguments": "C:\\Users\\ellio\\RiskyRoad\\mlagents-venv\\lib\\site-packages\\mlagents\\trainers\\learn.py config/trainer_config.yaml --run-id=TruckRun27 --force",
        "mlagents_version": "1.1.0",
        "mlagents_envs_version": "1.1.0",
        "communication_protocol_version": "1.5.0",
        "pytorch_version": "2.8.0+cpu",
        "numpy_version": "1.23.5",
        "end_time_seconds": "1761716029"
    },
    "total": 59.11775969993323,
    "count": 1,
    "self": 0.13997439993545413,
    "children": {
        "run_training.setup": {
            "total": 0.05219830002170056,
            "count": 1,
            "self": 0.05219830002170056
        },
        "TrainerController.start_learning": {
            "total": 58.925586999976076,
            "count": 1,
            "self": 0.1018298005219549,
            "children": {
                "TrainerController._reset_env": {
                    "total": 9.306717099971138,
                    "count": 1,
                    "self": 9.306717099971138
                },
                "TrainerController.advance": {
                    "total": 49.43964709946886,
                    "count": 12088,
                    "self": 0.09107670607045293,
                    "children": {
                        "env_step": {
                            "total": 48.69210119370837,
                            "count": 12088,
                            "self": 40.732577796443366,
                            "children": {
                                "SubprocessEnvManager._take_step": {
                                    "total": 7.889735604287125,
                                    "count": 12088,
                                    "self": 0.2838714028475806,
                                    "children": {
                                        "TorchPolicy.evaluate": {
                                            "total": 7.605864201439545,
                                            "count": 12059,
                                            "self": 7.605864201439545
                                        }
                                    }
                                },
                                "workers": {
                                    "total": 0.06978779297787696,
                                    "count": 12087,
                                    "self": 0.0,
                                    "children": {
                                        "worker_root": {
                                            "total": 47.9734008978121,
                                            "count": 12087,
                                            "is_parallel": true,
                                            "self": 14.717244491330348,
                                            "children": {
                                                "steps_from_proto": {
                                                    "total": 0.0002253999700769782,
                                                    "count": 1,
                                                    "is_parallel": true,
                                                    "self": 0.0001148999435827136,
                                                    "children": {
                                                        "_process_rank_one_or_two_observation": {
                                                            "total": 0.0001105000264942646,
                                                            "count": 2,
                                                            "is_parallel": true,
                                                            "self": 0.0001105000264942646
                                                        }
                                                    }
                                                },
                                                "UnityEnvironment.step": {
                                                    "total": 33.25593100651167,
                                                    "count": 12087,
                                                    "is_parallel": true,
                                                    "self": 0.4065241062780842,
                                                    "children": {
                                                        "UnityEnvironment._generate_step_input": {
                                                            "total": 0.35800920124165714,
                                                            "count": 12087,
                                                            "is_parallel": true,
                                                            "self": 0.35800920124165714
                                                        },
                                                        "communicator.exchange": {
                                                            "total": 31.225472697173245,
                                                            "count": 12087,